,coef,std_err,t,p_value,ci_low_2.5%,ci_high_97.5%
const,-11938.5386,987.8192,-12.0858,0.0,-13876.3934,-10000.6837
age,256.8564,11.8988,21.5867,0.0,233.5138,280.1989
bmi,339.1935,28.5995,11.8601,0.0,283.0884,395.2985
children,475.5005,137.8041,3.4506,0.0006,205.1633,745.8378
sex_male,-131.3144,332.9454,-0.3944,0.6933,-784.4703,521.8416
smoker_yes,23848.5345,413.1534,57.7232,0.0,23038.0307,24659.0384
region_northwest,-352.9639,476.2758,-0.7411,0.4588,-1287.2982,581.3704
region_southeast,-1035.022,478.6922,-2.1622,0.0308,-1974.0968,-95.9473
region_southwest,-960.051,477.933,-2.0088,0.0448,-1897.6364,-22.4656
